CostOfDrug,Category
2.0,Standard
4.0,Standard
6.2,Standard
8.0,Standard
8.0,Standard
8.0,Standard
12.0,Standard
15.0,Standard
15.0,Standard
18.0,Standard
18.2,Standard
20.0,Standard
20.0,Standard
20.0,Standard
21.0,Standard
22.0,Standard
24.2,Standard
27.0,Standard
27.0,Standard
27.0,Standard
28.0,Standard
29.7,Standard
29.7,Standard
29.7,Standard
29.7,Standard
29.7,Standard
30.0,Standard
30.0,Standard
31.0,Standard
41.4,Standard
42.3,Standard
45.4,Standard
45.4,Standard
45.4,Standard
45.4,Standard
45.4,Standard
45.4,Standard
45.4,Standard
45.4,Standard
45.4,Standard
49.4,Standard
50.8,Standard
51.4,Standard
53.4,Standard
56.0,Standard
57.0,Standard
57.4,Standard
59.0,Standard
59.4,Standard
60.0,Standard
61.5,Standard
65.4,Standard
65.4,Standard
65.4,Standard
65.4,Standard
67.0,Standard
90.8,Standard
92.0,Standard
94.0,Standard
94.0,Standard
94.0,Standard
94.0,Standard
94.0,Standard
94.0,Standard
94.7,Standard
105.0,Expensive
125.0,Expensive
126.0,Expensive
130.0,Expensive
130.0,Expensive
130.0,Expensive
151.2,Expensive
160.0,Expensive
177.0,Expensive
187.0,Expensive
187.0,Expensive
194.4,Expensive
194.4,Expensive
194.4,Expensive
212.4,Expensive
213.0,Expensive
233.0,Expensive
267.0,Expensive
320.4,Expensive
